patient_id,sex,race,ethnicity
841728e957d9cf822b7babf0cf9bf836901abfbe3ac119b5f8381102f424463f,Male,American Indian or Alaska Native,Hispanic
4e6235d221f7ff33bf7e2b5134d21998082098debc2c646e2f3ae54b88c2069b,Male,Unknown,Hispanic
78977aaae83804a88fd4907a16d84d0afcd9d061980487a348c2ac8da1fea140,Female,Other,Non-hispanic
b24b2956019695bf2c7d8c7a3f2db7cfb9cd3b22630f543059c9eb88c0d4a612,Male,Other,Non-hispanic
2c7109c7248fee9004bf56ac73e8042864d4c501b2a51a9fd5b820b4707b1ade,Female,American Indian or Alaska Native,Non-hispanic
4e1cc11cde42b58562f929c10c57e5a5b1173450a2b9b927bcb78ab43f8a0204,Male,Other,Non-hispanic
ce253a93e05d16148f6805adcd4a5f8efe99fa0026134f01a1aa92749a545a78,Male,White,Hispanic
7933d85c51e108d668397609d5f5f5e72fe0caa85be689e075032abfb4de8f09,Male,White,Non-hispanic
f6581734e8824932811739d146afc2ac18086129d12b2fdb26f3ca81036f0af9,Male,American Indian or Alaska Native,Non-hispanic
ddcb3ae918fc2c89f97d9f21c4f03cc2cc2fa3646bd51b74c55a89d4a17037e4,Male,Other,Non-hispanic
2df2dbc83acb778863071bf9188762ead1890bf9ef192eb115d444aa40485692,Female,Native Hawaiian or Other Pacific Islander,Hispanic
2e6317731e7713443d52be487479de1a9c0e136010216a8ab9121352bf87c2f4,Male,Native Hawaiian or Other Pacific Islander,Hispanic
7d20b44399bead22c4d238b9f55dece9874ce9d755a5521ef6cef3783b20e16c,Female,Unknown,Non-hispanic
e6248fc1a0f1b6a3c01aaf009f9bfd46358dcb2f35a936f738c98347924006f2,Female,Native Hawaiian or Other Pacific Islander,Hispanic
37fb9afbdfd53b522ec403c797c2f159ea169ce1098c2bf72d16111c8e9268e6,Male,Native Hawaiian or Other Pacific Islander,Hispanic
3658da423721719699ad1c09de0fafbe92ec8f973117c563a5a66541f31bc8d5,Female,Native Hawaiian or Other Pacific Islander,Hispanic
5ea750c6940e46626b3d82e46a9aafa374f8bef073333a11e2835e15edba77e7,Female,Native Hawaiian or Other Pacific Islander,Hispanic
056d033539123c889f9a86a2954889bc71873ec94261216ff313eed7674de055,Male,Other,Non-hispanic
ad1bb71b9cb7b09fff4e0129124784f58c3cb92cf018593dcffbea6e93e77bd5,Female,Other,Non-hispanic
3642fe97992cf3359053ca6a210dac0b140a5cf4a8f71e2e2aca3ddce2e73b83,Female,Native Hawaiian or Other Pacific Islander,Hispanic
b0b83c23775213372f76ec16142cd1bebf5fb7f54a9bceb0960cfa90bf25c397,Male,White,Non-hispanic
4d43b180767d0814d485a65afdd6be828846ea9fff37fe8f87ad3fb59db8bf78,Male,Other,Hispanic
7390ba7e2fc96035f2c54d01793baf2efb98b3739d8bc4e080199d90927484a9,Female,American Indian or Alaska Native,Non-hispanic
e7c27e7ac63f35d80e4aa886b55fbc13dce39c780044756b0f8c2e9aab45552a,Female,Native Hawaiian or Other Pacific Islander,Hispanic
0e4de622f741f761715c59dcfb7840972f9a6bdf5b77729b5868f0f8a00621ff,Female,Asian,Hispanic
07f127cac2af42dedb711d36bfec24136bf81938a3e143a8fe216e741ef16eee,Female,Native Hawaiian or Other Pacific Islander,Hispanic
96df5a6bb0ae3b84d49bd80438e37284f6b24ede8f0a2dda33fe365b03baba5c,Male,Black or African-American,Non-hispanic
4affb990ce1746f2e026b0620e52e7a9f6faefc337b55056fed75f658edac9dc,Male,Native Hawaiian or Other Pacific Islander,Hispanic
e8b730415d6c33fb73387709dbb797fd59f3a82bd0ac03dc4f31d426c9f1c63f,Male,Native Hawaiian or Other Pacific Islander,Non-hispanic
556e6e96571e83754b267ed5a20406d9410007e47106e52df12d0aab4eb664fa,Female,Native Hawaiian or Other Pacific Islander,Non-hispanic
505a0bc84c87d3fdbcc6e0188b0f7b1cc40e424a2b74c48e94f686a752f5224c,Male,Black or African-American,Non-hispanic
103190ce66737dd2376f83e6571d73de8bfe547c2d60993b6698e736a253e68a,Male,Other,Non-hispanic
8c8ad1bb1b435da34d804c70b076616e4aef64908e81c5522fa3811bee6cabe7,Male,Black or African-American,Non-hispanic
6f73ed609dcbb76073fb2def59ad315282033bc9eb5698eb3a015707c0db3f0d,Female,Unknown,Non-hispanic
021b1f4e521e71ae31f4c71b331007225dca7d0e023d8a2005c4d6775c1bb80e,Female,American Indian or Alaska Native,Non-hispanic
c64554293c3bf2fa77e02640ea53551741110892c76707989d191c7a7b1edf26,Female,Native Hawaiian or Other Pacific Islander,Hispanic
715f9668996f6e7161e2e9471b445dc80309da3c9ea4cb179ce95af6ac603d78,Male,Black or African-American,Hispanic
e0a1e110a2bb3991dc830131e84ae8079c4f86d608d016edb5645c2bc03012f3,Female,Unknown,Non-hispanic
ec759dd95db32920788519f5d4af80dc0c9871764072ca70e8ab578bc2d130fa,Male,Other,Non-hispanic
93b640dacb166ce0843ca2b37cd7e5f833e79203de8e609b1b1ce9e678cc939e,Male,Native Hawaiian or Other Pacific Islander,Hispanic
a5d4ea9566e337c1b7fcbf4344978914178942a964acc9317d216a023cf9d342,Male,Black or African-American,Hispanic
addfdc3e4084908dfb4a80aca3742094a25b8b03d116d7139756196e48b5bbb3,Male,American Indian or Alaska Native,Non-hispanic
f14738eba4a4bc03ef5e7e5f2eb72361b3d2f50c4cdd807073bcca8341e43875,Female,Other,Non-hispanic
3e93d00d8031f6365bbd0c2814d7882398d2a306ecf1dce6faaa997171f92032,Male,Other,Hispanic
a33fda29ffb008475641dac1f606992c08c74b73e329ee7e0bd3b6c04cbceeda,Female,Unknown,Non-hispanic
8ebfdac187aeeb0f6d205ecd6181e36641d207524dde2faca21efe942597fe2e,Male,American Indian or Alaska Native,Non-hispanic
baeb815037b2426c0f4f02a34dd493174008110556ea5fdce1eda74306c89be2,Male,Other,Non-hispanic
e0e3cc5300db49909701dbfed9df7cb1ec3f905f4bedfa17f116fceb97796cb7,Female,Asian,Non-hispanic
a3aea55056121a913037f91273370d1aa03bf127a318cd71cf7b31fca484fd6c,Female,Asian,Hispanic
61603d8dbf1d0c309041b0baf6f3b6ce4a282bfa32dc5294e6491e2efa633f45,Female,Native Hawaiian or Other Pacific Islander,Non-hispanic
57d2ff26f26434e8b7448caf536bb7da74c4c1e863fdbe9ecce644a8908c5c9c,Male,Asian,Non-hispanic
cb2b08375cd36b4ab279dacc2c552f804ec93809c4c730734cf06c481a5af319,Male,White,Hispanic
cb18211200f5d9b383ee4c2ccdb57e0ff6c5be59ecd22a747fedd40a8bd66428,Male,Asian,Non-hispanic
5fcf9f0a35afdaf41a62599ecaf15be986c427d09abf9a839156bec73595454d,Female,Other,Non-hispanic
7ca17b7f49d4146ef9860bc667c4a1d16047b3e338c22e488c949e9554f55117,Male,Unknown,Hispanic
c7d498019c35b1214ac1adf19fb58a10290a90d06bfac9f0bdb0b2561e3213e2,Male,Unknown,Non-hispanic
eb5c68b094d7e49c44828937fd3d1451db56f8eec76a3393a05564c316ab3ea8,Male,Unknown,Hispanic
8f9d082e05cf94f52e6ca68f3bd7af08a361023e4a4fb2a0ecca48b8c317450b,Female,Native Hawaiian or Other Pacific Islander,Hispanic
b252241f55b62f977fe3fde262bed8f54322900c4915b22771943ea52998acfa,Female,White,Hispanic
83b6e32504753609888bc8e3d4291018f54de8da8aec7c8c28c660e07df8b054,Female,American Indian or Alaska Native,Hispanic
40caf96c0c7974d102141f0e566172f637d9ca67b32a97e06740734d34c93677,Female,Native Hawaiian or Other Pacific Islander,Hispanic
5ba8242a521c7db78b5b8cc4acf6c46dd08faa1933da77e2cdb9c5646174f3e5,Female,Black or African-American,Non-hispanic
27e1a0388d8ccb2fafd1fd311c7447a01f9e3dc4f1d0b7eaa278ac99748732fa,Female,White,Hispanic
346f2d872453a7bb3080e1ea9d1934794fd34540eb79e9021b485805e6fc9191,Male,Other,Hispanic
460d9d5f1b61b60e09f688fae12ecf345db0e049fe68955ce32114540600d41d,Female,Native Hawaiian or Other Pacific Islander,Hispanic
8ca6dea6b3279fcf39fb01873cddb208c04ca9c692694ed5d00e2a74c257b086,Male,White,Hispanic
85d17638bbf39f454ec6113a2c94502a2672c0248421cca97080be4145364599,Male,White,Hispanic
9cb1098ae8a415f3cabbf378a4ae1cf438e795856055203bd22c8e035a70c008,Male,Asian,Hispanic
9e72d0254bf1b26b4556db3b5c82933786383c00da9e7fe5266e69791750cf35,Male,Black or African-American,Non-hispanic
3cdcda029877bb51d73af0d470fbd609a3326408fc3c17ea01b2364ae837b863,Female,Other,Hispanic
1a466859cdf3fed9655c86e4ec7338eb6e0e944a84e50ba3ef1564c328c17947,Male,American Indian or Alaska Native,Hispanic
c99dc549075040b5b5f8026247dda993228feb5aea7b3335678e30e7ded53656,Male,Native Hawaiian or Other Pacific Islander,Hispanic
8e58d92925687a0e2552621398739efc481289e695764e46aa9068c277caec6c,Female,American Indian or Alaska Native,Hispanic
d019a259a0b5bfc17e8512a2359bba1502e1b18c593592fdedbf3be90ce4d7ec,Female,Other,Hispanic
2afa884e76a9e6ecf2c0a2e84edcb22a67936821def978bc9ae789a59bb01c54,Female,Black or African-American,Hispanic
9546d66798e4da1f51a629d89853613461d4eb471ed9e9de150fd7b117336cc0,Female,Asian,Non-hispanic
44459ddb62f8b67e551b4baa781627850db05af97de0a5b3e1533e424ac7dc92,Male,Native Hawaiian or Other Pacific Islander,Hispanic
