proc_name,component_name,lab_name,lab_category,lab_group
COMPREHENSIVE METABOLIC PANEL,ALBUMIN,ALBUMIN,albumin,LFT
HEPATIC FUNCTION PANEL,ALBUMIN,ALBUMIN,albumin,LFT
ER PANEL II,ALBUMIN,ALBUMIN,albumin,LFT
RENAL FUNCTION PANEL,ALBUMIN,ALBUMIN,albumin,LFT
PEDIATRIC ER PANEL II,ALBUMIN,ALBUMIN,albumin,LFT
ALBUMIN,ALBUMIN,ALBUMIN,albumin,LFT
CLL CMP (FOR CLL PATIENTS ONLY),ALBUMIN,ALBUMIN,albumin,LFT
PEDIATRIC LIVER PANEL,ALBUMIN,ALBUMIN,albumin,LFT
COMPREHENSIVE METABOLIC PANEL,UCM_LAB ALBUMIN,UCM_LAB ALBUMIN,albumin,LFT
HEPATIC FUNCTION PANEL,UCM_LAB ALBUMIN,UCM_LAB ALBUMIN,albumin,LFT
ER PANEL II,UCM_LAB ALBUMIN,UCM_LAB ALBUMIN,albumin,LFT
RENAL FUNCTION PANEL,UCM_LAB ALBUMIN,UCM_LAB ALBUMIN,albumin,LFT
PEDIATRIC ER PANEL II,UCM_LAB ALBUMIN,UCM_LAB ALBUMIN,albumin,LFT
ALBUMIN,UCM_LAB ALBUMIN,UCM_LAB ALBUMIN,albumin,LFT
CLL CMP (FOR CLL PATIENTS ONLY),UCM_LAB ALBUMIN,UCM_LAB ALBUMIN,albumin,LFT
PEDIATRIC LIVER PANEL,UCM_LAB ALBUMIN,UCM_LAB ALBUMIN,albumin,LFT
ALKALINE PHOSPHATASE ISOENZYMES,"ALK PHOS, TOTAL","ALK PHOS, TOTAL",alkaline_phosphatase,LFT
COMPREHENSIVE METABOLIC PANEL,ALKALINE PHOSPHATASE,ALKALINE PHOSPHATASE,alkaline_phosphatase,LFT
HEPATIC FUNCTION PANEL,ALKALINE PHOSPHATASE,ALKALINE PHOSPHATASE,alkaline_phosphatase,LFT
ER PANEL II,ALKALINE PHOSPHATASE,ALKALINE PHOSPHATASE,alkaline_phosphatase,LFT
PEDIATRIC ER PANEL II,ALKALINE PHOSPHATASE,ALKALINE PHOSPHATASE,alkaline_phosphatase,LFT
ALKALINE PHOSPHATASE,ALKALINE PHOSPHATASE,ALKALINE PHOSPHATASE,alkaline_phosphatase,LFT
CLL CMP (FOR CLL PATIENTS ONLY),ALKALINE PHOSPHATASE,ALKALINE PHOSPHATASE,alkaline_phosphatase,LFT
PEDIATRIC LIVER PANEL,ALKALINE PHOSPHATASE,ALKALINE PHOSPHATASE,alkaline_phosphatase,LFT
COMPREHENSIVE METABOLIC PANEL,ALKALINE PHOSPHATASE INTERFACE EXTERNAL,ALKALINE PHOSPHATASE INTERFACE EXTERNAL,alkaline_phosphatase,LFT
COMPREHENSIVE METABOLIC PANEL,UCM_LAB ALKALINE PHOSPHATASE,UCM_LAB ALKALINE PHOSPHATASE,alkaline_phosphatase,LFT
HEPATIC FUNCTION PANEL,UCM_LAB ALKALINE PHOSPHATASE,UCM_LAB ALKALINE PHOSPHATASE,alkaline_phosphatase,LFT
ER PANEL II,UCM_LAB ALKALINE PHOSPHATASE,UCM_LAB ALKALINE PHOSPHATASE,alkaline_phosphatase,LFT
PEDIATRIC ER PANEL II,UCM_LAB ALKALINE PHOSPHATASE,UCM_LAB ALKALINE PHOSPHATASE,alkaline_phosphatase,LFT
CLL CMP (FOR CLL PATIENTS ONLY),UCM_LAB ALKALINE PHOSPHATASE,UCM_LAB ALKALINE PHOSPHATASE,alkaline_phosphatase,LFT
ALKALINE PHOSPHATASE,UCM_LAB ALKALINE PHOSPHATASE,UCM_LAB ALKALINE PHOSPHATASE,alkaline_phosphatase,LFT
PEDIATRIC LIVER PANEL,UCM_LAB ALKALINE PHOSPHATASE,UCM_LAB ALKALINE PHOSPHATASE,alkaline_phosphatase,LFT
COMPREHENSIVE METABOLIC PANEL,ALT (SGPT),ALT (SGPT),alt,LFT
HEPATIC FUNCTION PANEL,ALT (SGPT),ALT (SGPT),alt,LFT
ER PANEL II,ALT (SGPT),ALT (SGPT),alt,LFT
PEDIATRIC ER PANEL II,ALT (SGPT),ALT (SGPT),alt,LFT
ALT (SGPT),ALT (SGPT),ALT (SGPT),alt,LFT
CLL CMP (FOR CLL PATIENTS ONLY),ALT (SGPT),ALT (SGPT),alt,LFT
PEDIATRIC LIVER PANEL,ALT (SGPT),ALT (SGPT),alt,LFT
COMPREHENSIVE METABOLIC PANEL,ALT (SGPT) MANUAL ENTRY EXTERNAL,ALT (SGPT) MANUAL ENTRY EXTERNAL,alt,LFT
COMPREHENSIVE METABOLIC PANEL,UCM_LAB ALT (SGPT),UCM_LAB ALT (SGPT),alt,LFT
HEPATIC FUNCTION PANEL,UCM_LAB ALT (SGPT),UCM_LAB ALT (SGPT),alt,LFT
ER PANEL II,UCM_LAB ALT (SGPT),UCM_LAB ALT (SGPT),alt,LFT
PEDIATRIC ER PANEL II,UCM_LAB ALT (SGPT),UCM_LAB ALT (SGPT),alt,LFT
ALT (SGPT),UCM_LAB ALT (SGPT),UCM_LAB ALT (SGPT),alt,LFT
CLL CMP (FOR CLL PATIENTS ONLY),UCM_LAB ALT (SGPT),UCM_LAB ALT (SGPT),alt,LFT
PEDIATRIC LIVER PANEL,UCM_LAB ALT (SGPT),UCM_LAB ALT (SGPT),alt,LFT
COMPREHENSIVE METABOLIC PANEL,AST (SGOT),AST (SGOT),ast,LFT
HEPATIC FUNCTION PANEL,AST (SGOT),AST (SGOT),ast,LFT
ER PANEL II,AST (SGOT),AST (SGOT),ast,LFT
PEDIATRIC ER PANEL II,AST (SGOT),AST (SGOT),ast,LFT
AST (SGOT),AST (SGOT),AST (SGOT),ast,LFT
CLL CMP (FOR CLL PATIENTS ONLY),AST (SGOT),AST (SGOT),ast,LFT
PEDIATRIC LIVER PANEL,AST (SGOT),AST (SGOT),ast,LFT
COMPREHENSIVE METABOLIC PANEL,AST (SGOT)MANUAL ENTRY EXTERNAL,AST (SGOT)MANUAL ENTRY EXTERNAL,ast,LFT
COMPREHENSIVE METABOLIC PANEL,UCM_LAB AST (SGOT),UCM_LAB AST (SGOT),ast,LFT
HEPATIC FUNCTION PANEL,UCM_LAB AST (SGOT),UCM_LAB AST (SGOT),ast,LFT
ER PANEL II,UCM_LAB AST (SGOT),UCM_LAB AST (SGOT),ast,LFT
PEDIATRIC ER PANEL II,UCM_LAB AST (SGOT),UCM_LAB AST (SGOT),ast,LFT
CLL CMP (FOR CLL PATIENTS ONLY),UCM_LAB AST (SGOT),UCM_LAB AST (SGOT),ast,LFT
AST (SGOT),UCM_LAB AST (SGOT),UCM_LAB AST (SGOT),ast,LFT
PEDIATRIC LIVER PANEL,UCM_LAB AST (SGOT),UCM_LAB AST (SGOT),ast,LFT
DIFFERENTIAL,BASOPHILS,BASOPHILS,basophil,CBC
CBC W/ DIFF & PLATELETS,BASOPHILS,BASOPHILS,basophil,CBC
CBC W/DIFF,BASOPHILS,BASOPHILS,basophil,CBC
DIFFERENTIAL WITH SOURCE,BASOPHILS,BASOPHILS,basophil,CBC
CBC WITH AUTO DIFFERENTIAL,UCM_LAB BASOPHILS - AUTOMATED,UCM_LAB BASOPHILS - AUTOMATED,basophil,CBC
DIFFERENTIAL,UCM_LAB BASOPHILS - AUTOMATED,UCM_LAB BASOPHILS - AUTOMATED,basophil,CBC
CBC W/ DIFF & PLATELETS,UCM_LAB BASOPHILS - AUTOMATED,UCM_LAB BASOPHILS - AUTOMATED,basophil,CBC
MANUAL DIFFERENTIAL(NON WAM),UCM_LAB BASOPHILS - MANUAL,UCM_LAB BASOPHILS - MANUAL,basophil,CBC
MANUAL DIFFERENTIAL - SYSMEX WAM,UCM_LAB BASOPHILS - MANUAL WAM,UCM_LAB BASOPHILS - MANUAL WAM,basophil,CBC
HEPATIC FUNCTION PANEL,"BILIRUBIN, CONJUGATED","BILIRUBIN, CONJUGATED",bilirubin_conjugated,LFT
ER PANEL II,"BILIRUBIN, CONJUGATED","BILIRUBIN, CONJUGATED",bilirubin_conjugated,LFT
"BILIRUBIN, CONJUGATED","BILIRUBIN, CONJUGATED","BILIRUBIN, CONJUGATED",bilirubin_conjugated,LFT
BILIRUBIN PANEL,"BILIRUBIN, CONJUGATED","BILIRUBIN, CONJUGATED",bilirubin_conjugated,LFT
HEPATIC FUNCTION PANEL,"UCM_LAB BILIRUBIN, CONJUGATED","UCM_LAB BILIRUBIN, CONJUGATED",bilirubin_conjugated,LFT
ER PANEL II,"UCM_LAB BILIRUBIN, CONJUGATED","UCM_LAB BILIRUBIN, CONJUGATED",bilirubin_conjugated,LFT
"BILIRUBIN, CONJUGATED","UCM_LAB BILIRUBIN, CONJUGATED","UCM_LAB BILIRUBIN, CONJUGATED",bilirubin_conjugated,LFT
BILIRUBIN PANEL,"UCM_LAB BILIRUBIN, CONJUGATED","UCM_LAB BILIRUBIN, CONJUGATED",bilirubin_conjugated,LFT
PEDIATRIC ER PANEL II,"UCM_LAB BILIRUBIN, CONJUGATED, PEDIATRIC","UCM_LAB BILIRUBIN, CONJUGATED, PEDIATRIC",bilirubin_conjugated,LFT
PEDIATRIC BILIRUBIN PANEL,"UCM_LAB BILIRUBIN, CONJUGATED, PEDIATRIC","UCM_LAB BILIRUBIN, CONJUGATED, PEDIATRIC",bilirubin_conjugated,LFT
PEDIATRIC LIVER PANEL,"UCM_LAB BILIRUBIN, CONJUGATED, PEDIATRIC","UCM_LAB BILIRUBIN, CONJUGATED, PEDIATRIC",bilirubin_conjugated,LFT
"BILIRUBIN, CONJUGATED, PEDIATRIC","UCM_LAB BILIRUBIN, CONJUGATED, PEDIATRIC","UCM_LAB BILIRUBIN, CONJUGATED, PEDIATRIC",bilirubin_conjugated,LFT
COMPREHENSIVE METABOLIC PANEL,"BILIRUBIN, TOTAL","BILIRUBIN, TOTAL",bilirubin_total,LFT
HEPATIC FUNCTION PANEL,"BILIRUBIN, TOTAL","BILIRUBIN, TOTAL",bilirubin_total,LFT
ER PANEL II,"BILIRUBIN, TOTAL","BILIRUBIN, TOTAL",bilirubin_total,LFT
BILIRUBIN PANEL,"BILIRUBIN, TOTAL","BILIRUBIN, TOTAL",bilirubin_total,LFT
PEDIATRIC BILIRUBIN PANEL,"BILIRUBIN, TOTAL","BILIRUBIN, TOTAL",bilirubin_total,LFT
PEDIATRIC ER PANEL II,"BILIRUBIN, TOTAL","BILIRUBIN, TOTAL",bilirubin_total,LFT
CLL CMP (FOR CLL PATIENTS ONLY),"BILIRUBIN, TOTAL","BILIRUBIN, TOTAL",bilirubin_total,LFT
"BILIRUBIN, TOTAL","BILIRUBIN, TOTAL","BILIRUBIN, TOTAL",bilirubin_total,LFT
PEDIATRIC LIVER PANEL,"BILIRUBIN, TOTAL","BILIRUBIN, TOTAL",bilirubin_total,LFT
COMPREHENSIVE METABOLIC PANEL,"BILIRUBIN, TOTAL MANUAL ENTRY EXTERNAL","BILIRUBIN, TOTAL MANUAL ENTRY EXTERNAL",bilirubin_total,LFT
COMPREHENSIVE METABOLIC PANEL,TOTAL BILIRUBIN,TOTAL BILIRUBIN,bilirubin_total,LFT
"BILIRUBIN, TOTAL",TOTAL BILIRUBIN,TOTAL BILIRUBIN,bilirubin_total,LFT
HEPATIC FUNCTION PANEL,TOTAL BILIRUBIN,TOTAL BILIRUBIN,bilirubin_total,LFT
COMPREHENSIVE METABOLIC PANEL,UCM_LAB BILIRUBIN TOTAL,UCM_LAB BILIRUBIN TOTAL,bilirubin_total,LFT
HEPATIC FUNCTION PANEL,UCM_LAB BILIRUBIN TOTAL,UCM_LAB BILIRUBIN TOTAL,bilirubin_total,LFT
ER PANEL II,UCM_LAB BILIRUBIN TOTAL,UCM_LAB BILIRUBIN TOTAL,bilirubin_total,LFT
PEDIATRIC ER PANEL II,UCM_LAB BILIRUBIN TOTAL,UCM_LAB BILIRUBIN TOTAL,bilirubin_total,LFT
PEDIATRIC BILIRUBIN PANEL,UCM_LAB BILIRUBIN TOTAL,UCM_LAB BILIRUBIN TOTAL,bilirubin_total,LFT
CLL CMP (FOR CLL PATIENTS ONLY),UCM_LAB BILIRUBIN TOTAL,UCM_LAB BILIRUBIN TOTAL,bilirubin_total,LFT
BILIRUBIN PANEL,UCM_LAB BILIRUBIN TOTAL,UCM_LAB BILIRUBIN TOTAL,bilirubin_total,LFT
PEDIATRIC LIVER PANEL,UCM_LAB BILIRUBIN TOTAL,UCM_LAB BILIRUBIN TOTAL,bilirubin_total,LFT
"BILIRUBIN, TOTAL",UCM_LAB BILIRUBIN TOTAL,UCM_LAB BILIRUBIN TOTAL,bilirubin_total,LFT
HEPATIC FUNCTION PANEL,"BILIRUBIN, UNCONJUGATED","BILIRUBIN, UNCONJUGATED",bilirubin_unconjugated,LFT
ER PANEL II,"BILIRUBIN, UNCONJUGATED","BILIRUBIN, UNCONJUGATED",bilirubin_unconjugated,LFT
BILIRUBIN PANEL,"BILIRUBIN, UNCONJUGATED","BILIRUBIN, UNCONJUGATED",bilirubin_unconjugated,LFT
PEDIATRIC BILIRUBIN PANEL,"BILIRUBIN, UNCONJUGATED","BILIRUBIN, UNCONJUGATED",bilirubin_unconjugated,LFT
PEDIATRIC ER PANEL II,"BILIRUBIN, UNCONJUGATED","BILIRUBIN, UNCONJUGATED",bilirubin_unconjugated,LFT
PEDIATRIC LIVER PANEL,"BILIRUBIN, UNCONJUGATED","BILIRUBIN, UNCONJUGATED",bilirubin_unconjugated,LFT
HEPATIC FUNCTION PANEL,"UCM_LAB BILIRUBIN, UNCONJUGATED","UCM_LAB BILIRUBIN, UNCONJUGATED",bilirubin_unconjugated,LFT
ER PANEL II,"UCM_LAB BILIRUBIN, UNCONJUGATED","UCM_LAB BILIRUBIN, UNCONJUGATED",bilirubin_unconjugated,LFT
PEDIATRIC ER PANEL II,"UCM_LAB BILIRUBIN, UNCONJUGATED","UCM_LAB BILIRUBIN, UNCONJUGATED",bilirubin_unconjugated,LFT
PEDIATRIC BILIRUBIN PANEL,"UCM_LAB BILIRUBIN, UNCONJUGATED","UCM_LAB BILIRUBIN, UNCONJUGATED",bilirubin_unconjugated,LFT
BILIRUBIN PANEL,"UCM_LAB BILIRUBIN, UNCONJUGATED","UCM_LAB BILIRUBIN, UNCONJUGATED",bilirubin_unconjugated,LFT
PEDIATRIC LIVER PANEL,"UCM_LAB BILIRUBIN, UNCONJUGATED","UCM_LAB BILIRUBIN, UNCONJUGATED",bilirubin_unconjugated,LFT
BASIC METABOLIC PANEL,BLOOD UREA NITROGEN,BLOOD UREA NITROGEN,bun,BMP
COMPREHENSIVE METABOLIC PANEL,BLOOD UREA NITROGEN,BLOOD UREA NITROGEN,bun,BMP
ER PANEL I,BLOOD UREA NITROGEN,BLOOD UREA NITROGEN,bun,BMP
RENAL FUNCTION PANEL,BLOOD UREA NITROGEN,BLOOD UREA NITROGEN,bun,BMP
CLL CMP (FOR CLL PATIENTS ONLY),BLOOD UREA NITROGEN,BLOOD UREA NITROGEN,bun,BMP
BLOOD UREA NITROGEN,BLOOD UREA NITROGEN,BLOOD UREA NITROGEN,bun,BMP
CLL BMP (FOR CLL PATIENTS ONLY),BLOOD UREA NITROGEN,BLOOD UREA NITROGEN,bun,BMP
BASIC METABOLIC PANEL,UCM_LAB BLOOD UREA NITROGEN,UCM_LAB BLOOD UREA NITROGEN,bun,BMP
COMPREHENSIVE METABOLIC PANEL,UCM_LAB BLOOD UREA NITROGEN,UCM_LAB BLOOD UREA NITROGEN,bun,BMP
ER PANEL I,UCM_LAB BLOOD UREA NITROGEN,UCM_LAB BLOOD UREA NITROGEN,bun,BMP
RENAL FUNCTION PANEL,UCM_LAB BLOOD UREA NITROGEN,UCM_LAB BLOOD UREA NITROGEN,bun,BMP
CLL CMP (FOR CLL PATIENTS ONLY),UCM_LAB BLOOD UREA NITROGEN,UCM_LAB BLOOD UREA NITROGEN,bun,BMP
BLOOD UREA NITROGEN,UCM_LAB BLOOD UREA NITROGEN,UCM_LAB BLOOD UREA NITROGEN,bun,BMP
CLL BMP (FOR CLL PATIENTS ONLY),UCM_LAB BLOOD UREA NITROGEN,UCM_LAB BLOOD UREA NITROGEN,bun,BMP
"BLOOD GAS, VENOUS",UCM_LAB POC BUN (ADULT),UCM_LAB POC BUN (ADULT),bun,BMP
"BLOOD GAS, ARTERIAL",UCM_LAB POC BUN (ADULT),UCM_LAB POC BUN (ADULT),bun,BMP
"BLOOD GAS, MIXED VENOUS",UCM_LAB POC BUN (ADULT),UCM_LAB POC BUN (ADULT),bun,BMP
ARTERIAL BLOOD GAS - PICU/POC,UCM_LAB POC BUN (ART),UCM_LAB POC BUN (ART),bun,BMP
MIXED VENOUS BLOOD GAS - PICU/POC,UCM_LAB POC BUN (MIX VEN),UCM_LAB POC BUN (MIX VEN),bun,BMP
VENOUS BLOOD GAS - PICU/POC,UCM_LAB POC BUN (VENOUS),UCM_LAB POC BUN (VENOUS),bun,BMP
BASIC METABOLIC PANEL,CALCIUM,CALCIUM,calcium,BMP
COMPREHENSIVE METABOLIC PANEL,CALCIUM,CALCIUM,calcium,BMP
ER PANEL I,CALCIUM,CALCIUM,calcium,BMP
RENAL FUNCTION PANEL,CALCIUM,CALCIUM,calcium,BMP
CALCIUM,CALCIUM,CALCIUM,calcium,BMP
CLL CMP (FOR CLL PATIENTS ONLY),CALCIUM,CALCIUM,calcium,BMP
CLL BMP (FOR CLL PATIENTS ONLY),CALCIUM,CALCIUM,calcium,BMP
BASIC METABOLIC PANEL,UCM_LAB CALCIUM,UCM_LAB CALCIUM,calcium,BMP
COMPREHENSIVE METABOLIC PANEL,UCM_LAB CALCIUM,UCM_LAB CALCIUM,calcium,BMP
ER PANEL I,UCM_LAB CALCIUM,UCM_LAB CALCIUM,calcium,BMP
RENAL FUNCTION PANEL,UCM_LAB CALCIUM,UCM_LAB CALCIUM,calcium,BMP
CALCIUM,UCM_LAB CALCIUM,UCM_LAB CALCIUM,calcium,BMP
CLL CMP (FOR CLL PATIENTS ONLY),UCM_LAB CALCIUM,UCM_LAB CALCIUM,calcium,BMP
CLL BMP (FOR CLL PATIENTS ONLY),UCM_LAB CALCIUM,UCM_LAB CALCIUM,calcium,BMP
BASIC METABOLIC PANEL,CARBON DIOXIDE,CARBON DIOXIDE,carbon_dioxide,BMP
COMPREHENSIVE METABOLIC PANEL,CARBON DIOXIDE,CARBON DIOXIDE,carbon_dioxide,BMP
ER PANEL I,CARBON DIOXIDE,CARBON DIOXIDE,carbon_dioxide,BMP
RENAL FUNCTION PANEL,CARBON DIOXIDE,CARBON DIOXIDE,carbon_dioxide,BMP
CLL CMP (FOR CLL PATIENTS ONLY),CARBON DIOXIDE,CARBON DIOXIDE,carbon_dioxide,BMP
CLL BMP (FOR CLL PATIENTS ONLY),CARBON DIOXIDE,CARBON DIOXIDE,carbon_dioxide,BMP
CARBON DIOXIDE,CARBON DIOXIDE,CARBON DIOXIDE,carbon_dioxide,BMP
COMPREHENSIVE METABOLIC PANEL,CARBON DIOXIDE (CO2),CARBON DIOXIDE (CO2),carbon_dioxide,BMP
BASIC METABOLIC PANEL,CARBON DIOXIDE (CO2),CARBON DIOXIDE (CO2),carbon_dioxide,BMP
COMPREHENSIVE METABOLIC PANEL,CARBON DIOXIDE MANUAL ENTRY EXTERNAL,CARBON DIOXIDE MANUAL ENTRY EXTERNAL,carbon_dioxide,BMP
MIXED VENOUS BLOOD GAS - PICU/POC,CO2 (MIXED VENOUS),CO2 (MIXED VENOUS),carbon_dioxide,BMP
VENOUS BLOOD GAS - PICU/POC,CO2 (VENOUS),CO2 (VENOUS),carbon_dioxide,BMP
ARTERIAL METABOLIC/ELECTROLYTE W/ LACTATE,"CO2,WHOLE BLOOD","CO2,WHOLE BLOOD",carbon_dioxide,BMP
BASIC METABOLIC PANEL,UCM_LAB CARBON DIOXIDE,UCM_LAB CARBON DIOXIDE,carbon_dioxide,BMP
COMPREHENSIVE METABOLIC PANEL,UCM_LAB CARBON DIOXIDE,UCM_LAB CARBON DIOXIDE,carbon_dioxide,BMP
ER PANEL I,UCM_LAB CARBON DIOXIDE,UCM_LAB CARBON DIOXIDE,carbon_dioxide,BMP
RENAL FUNCTION PANEL,UCM_LAB CARBON DIOXIDE,UCM_LAB CARBON DIOXIDE,carbon_dioxide,BMP
CLL CMP (FOR CLL PATIENTS ONLY),UCM_LAB CARBON DIOXIDE,UCM_LAB CARBON DIOXIDE,carbon_dioxide,BMP
CLL BMP (FOR CLL PATIENTS ONLY),UCM_LAB CARBON DIOXIDE,UCM_LAB CARBON DIOXIDE,carbon_dioxide,BMP
ELECTROLYTES,UCM_LAB CARBON DIOXIDE,UCM_LAB CARBON DIOXIDE,carbon_dioxide,BMP
CARBON DIOXIDE,UCM_LAB CARBON DIOXIDE,UCM_LAB CARBON DIOXIDE,carbon_dioxide,BMP
BASIC METABOLIC PANEL,CHLORIDE,CHLORIDE,chloride,BMP
COMPREHENSIVE METABOLIC PANEL,CHLORIDE,CHLORIDE,chloride,BMP
ER PANEL I,CHLORIDE,CHLORIDE,chloride,BMP
RENAL FUNCTION PANEL,CHLORIDE,CHLORIDE,chloride,BMP
CLL CMP (FOR CLL PATIENTS ONLY),CHLORIDE,CHLORIDE,chloride,BMP
CLL BMP (FOR CLL PATIENTS ONLY),CHLORIDE,CHLORIDE,chloride,BMP
CHLORIDE,CHLORIDE,CHLORIDE,chloride,BMP
COMPREHENSIVE METABOLIC PANEL,CHLORIDE MANUAL ENTRY EXTERNAL,CHLORIDE MANUAL ENTRY EXTERNAL,chloride,BMP
BASIC METABOLIC PANEL,CREATININE,CREATININE,creatinine,BMP
COMPREHENSIVE METABOLIC PANEL,CREATININE,CREATININE,creatinine,BMP
ER PANEL I,CREATININE,CREATININE,creatinine,BMP
RENAL FUNCTION PANEL,CREATININE,CREATININE,creatinine,BMP
CREATININE,CREATININE,CREATININE,creatinine,BMP
CLL CMP (FOR CLL PATIENTS ONLY),CREATININE,CREATININE,creatinine,BMP
CLL BMP (FOR CLL PATIENTS ONLY),CREATININE,CREATININE,creatinine,BMP
RADIOLOGY POC PANEL,CREATININE (POC),CREATININE (POC),creatinine,BMP
BASIC METABOLIC PANEL,UCM_LAB CREATININE,UCM_LAB CREATININE,creatinine,BMP
COMPREHENSIVE METABOLIC PANEL,UCM_LAB CREATININE,UCM_LAB CREATININE,creatinine,BMP
ER PANEL I,UCM_LAB CREATININE,UCM_LAB CREATININE,creatinine,BMP
CREATININE,UCM_LAB CREATININE,UCM_LAB CREATININE,creatinine,BMP
CLL CMP (FOR CLL PATIENTS ONLY),UCM_LAB CREATININE,UCM_LAB CREATININE,creatinine,BMP
CLL BMP (FOR CLL PATIENTS ONLY),UCM_LAB CREATININE,UCM_LAB CREATININE,creatinine,BMP
CCLR SERUM/PLASMA CREAT,UCM_LAB CREATININE,UCM_LAB CREATININE,creatinine,BMP
EGFR FOR CONTRAST,UCM_LAB CREATININE,UCM_LAB CREATININE,creatinine,BMP
C-REACTIVE PROTEIN,C-REACTIVE PROTEIN,C-REACTIVE PROTEIN,crp,MISC
"C-REACTIVE PROTEIN, HIGH SENSITIVITY","C-REACTIVE PROTEIN, HIGH SENSITIVITY","C-REACTIVE PROTEIN, HIGH SENSITIVITY",crp,MISC
C-REACTIVE PROTEIN,UCM_LAB C-REACTIVE PROTEIN,UCM_LAB C-REACTIVE PROTEIN,crp,MISC
DIFFERENTIAL,EOSINOPHILS,EOSINOPHILS,eosinophils,CBC
CBC W/ DIFF & PLATELETS,EOSINOPHILS,EOSINOPHILS,eosinophils,CBC
CBC W/DIFF,EOSINOPHILS,EOSINOPHILS,eosinophils,CBC
DIFFERENTIAL WITH SOURCE,EOSINOPHILS,EOSINOPHILS,eosinophils,CBC
MANUAL DIFFERENTIAL(NON WAM),UCM_LAB ABSOLUTE EOSINOPHIL,UCM_LAB ABSOLUTE EOSINOPHIL,eosinophils,CBC
CBC WITH AUTO DIFFERENTIAL,UCM_LAB ABSOLUTE EOSINOPHILS - AUTOMATED,UCM_LAB ABSOLUTE EOSINOPHILS - AUTOMATED,eosinophils,CBC
DIFFERENTIAL,UCM_LAB ABSOLUTE EOSINOPHILS - AUTOMATED,UCM_LAB ABSOLUTE EOSINOPHILS - AUTOMATED,eosinophils,CBC
CBC W/ DIFF & PLATELETS,UCM_LAB ABSOLUTE EOSINOPHILS - AUTOMATED,UCM_LAB ABSOLUTE EOSINOPHILS - AUTOMATED,eosinophils,CBC
MANUAL DIFFERENTIAL(NON WAM),UCM_LAB EOSINOPHIL - MANUAL,UCM_LAB EOSINOPHIL - MANUAL,eosinophils,CBC
CBC WITH AUTO DIFFERENTIAL,UCM_LAB EOSINOPHILS - AUTOMATED,UCM_LAB EOSINOPHILS - AUTOMATED,eosinophils,CBC
DIFFERENTIAL,UCM_LAB EOSINOPHILS - AUTOMATED,UCM_LAB EOSINOPHILS - AUTOMATED,eosinophils,CBC
CBC W/ DIFF & PLATELETS,UCM_LAB EOSINOPHILS - AUTOMATED,UCM_LAB EOSINOPHILS - AUTOMATED,eosinophils,CBC
"ESR, WESTERGREN","ESR, WESTERGREN","ESR, WESTERGREN",esr,MISC
"ESR, WESTERGREN","UCM_LAB ESR, WESTERGREN","UCM_LAB ESR, WESTERGREN",esr,MISC
FERRITIN,FERRITIN,FERRITIN,ferritin,MISC
FERRITIN,UCM_LAB FERRITIN,UCM_LAB FERRITIN,ferritin,MISC
"BLOOD GAS, VENOUS",GLUCOSE,GLUCOSE,glucose_serum,BMP
"BLOOD GAS, ARTERIAL",GLUCOSE,GLUCOSE,glucose_serum,BMP
ARTERIAL BLOOD GAS - PICU/POC,GLUCOSE,GLUCOSE,glucose_serum,BMP
COMPREHENSIVE METABOLIC PANEL,GLUCOSE,GLUCOSE,glucose_serum,BMP
"BLOOD GAS, MIXED VENOUS",GLUCOSE,GLUCOSE,glucose_serum,BMP
BASIC METABOLIC PANEL,GLUCOSE,GLUCOSE,glucose_serum,BMP
POC EPOC ADULT ER CHEM SHORT PANEL,GLUCOSE,GLUCOSE,glucose_serum,BMP
"GLUCOSE, SER/PLASMA",GLUCOSE,GLUCOSE,glucose_serum,BMP
MIXED VENOUS BLOOD GAS - PICU/POC,GLUCOSE (MIXED VENOUS),GLUCOSE (MIXED VENOUS),glucose_serum,BMP
VENOUS BLOOD GAS - PICU/POC,GLUCOSE (VENOUS),GLUCOSE (VENOUS),glucose_serum,BMP
COMPREHENSIVE METABOLIC PANEL,GLUCOSE SER/PLASM MANUAL ENTRY EXTERNAL,GLUCOSE SER/PLASM MANUAL ENTRY EXTERNAL,glucose_serum,BMP
BASIC METABOLIC PANEL,GLUCOSE SER/PLASM MANUAL ENTRY EXTERNAL,GLUCOSE SER/PLASM MANUAL ENTRY EXTERNAL,glucose_serum,BMP
BASIC METABOLIC PANEL,"GLUCOSE, SER/PLASMA","GLUCOSE, SER/PLASMA",glucose_serum,BMP
COMPREHENSIVE METABOLIC PANEL,"GLUCOSE, SER/PLASMA","GLUCOSE, SER/PLASMA",glucose_serum,BMP
ER PANEL I,"GLUCOSE, SER/PLASMA","GLUCOSE, SER/PLASMA",glucose_serum,BMP
RENAL FUNCTION PANEL,"GLUCOSE, SER/PLASMA","GLUCOSE, SER/PLASMA",glucose_serum,BMP
CLL CMP (FOR CLL PATIENTS ONLY),"GLUCOSE, SER/PLASMA","GLUCOSE, SER/PLASMA",glucose_serum,BMP
CLL BMP (FOR CLL PATIENTS ONLY),"GLUCOSE, SER/PLASMA","GLUCOSE, SER/PLASMA",glucose_serum,BMP
BASIC METABOLIC PANEL,UCM_LAB GLUCOSE,UCM_LAB GLUCOSE,glucose_serum,BMP
COMPREHENSIVE METABOLIC PANEL,UCM_LAB GLUCOSE,UCM_LAB GLUCOSE,glucose_serum,BMP
ER PANEL I,UCM_LAB GLUCOSE,UCM_LAB GLUCOSE,glucose_serum,BMP
RENAL FUNCTION PANEL,UCM_LAB GLUCOSE,UCM_LAB GLUCOSE,glucose_serum,BMP
"GLUCOSE, SER/PLASMA",UCM_LAB GLUCOSE,UCM_LAB GLUCOSE,glucose_serum,BMP
CLL CMP (FOR CLL PATIENTS ONLY),UCM_LAB GLUCOSE,UCM_LAB GLUCOSE,glucose_serum,BMP
URINALYSIS CHEMISTRY SCREEN W/REFLEX TO MICROSCOPIC,UCM_LAB GLUCOSE,UCM_LAB GLUCOSE,glucose_serum,BMP
URINALYSIS CHEMISTRY SCREEN,UCM_LAB GLUCOSE,UCM_LAB GLUCOSE,glucose_serum,BMP
CLL BMP (FOR CLL PATIENTS ONLY),UCM_LAB GLUCOSE,UCM_LAB GLUCOSE,glucose_serum,BMP
COMPLETE BLOOD COUNT,HEMOGLOBIN,HEMOGLOBIN,hemoglobin,CBC
CBC W/ DIFF & PLATELETS,HEMOGLOBIN,HEMOGLOBIN,hemoglobin,CBC
ARTERIAL BLOOD GAS,HEMOGLOBIN,HEMOGLOBIN,hemoglobin,CBC
"BLOOD GAS, VENOUS",HEMOGLOBIN,HEMOGLOBIN,hemoglobin,CBC
"BLOOD GAS, ARTERIAL",HEMOGLOBIN,HEMOGLOBIN,hemoglobin,CBC
VENOUS BLOOD GAS,HEMOGLOBIN,HEMOGLOBIN,hemoglobin,CBC
HGB & HCT,HEMOGLOBIN,HEMOGLOBIN,hemoglobin,CBC
MIXED VENOUS BLOOD GAS,HEMOGLOBIN,HEMOGLOBIN,hemoglobin,CBC
HEMOGLOBIN/SATURATION,HEMOGLOBIN,HEMOGLOBIN,hemoglobin,CBC
ARTERIAL BLOOD GAS (PEDS),HEMOGLOBIN,HEMOGLOBIN,hemoglobin,CBC
HEMOGLOBIN,HEMOGLOBIN,HEMOGLOBIN,hemoglobin,CBC
HEMORRHAGE LAB PANEL,HEMOGLOBIN,HEMOGLOBIN,hemoglobin,CBC
POC COOX PANEL(ARTERIAL),HEMOGLOBIN,HEMOGLOBIN,hemoglobin,CBC
CBC W/DIFF,HEMOGLOBIN,HEMOGLOBIN,hemoglobin,CBC
POC COOX PANEL(VENOUS),HEMOGLOBIN,HEMOGLOBIN,hemoglobin,CBC
"BLOOD GAS, MIXED VENOUS",HEMOGLOBIN,HEMOGLOBIN,hemoglobin,CBC
CBC W/ PLATELETS,HEMOGLOBIN,HEMOGLOBIN,hemoglobin,CBC
POC PEDIATRIC BLOOD GAS(ARTERIAL),HEMOGLOBIN,HEMOGLOBIN,hemoglobin,CBC
POC PEDIATRIC BLOOD GAS(VENOUS),HEMOGLOBIN,HEMOGLOBIN,hemoglobin,CBC
POC ECMO COOX PANEL(ARTERIAL),HEMOGLOBIN,HEMOGLOBIN,hemoglobin,CBC
POC PEDIATRIC BLOOD GAS(MIXED VENOUS),HEMOGLOBIN,HEMOGLOBIN,hemoglobin,CBC
MIXED VENOUS BLOOD GAS - PICU/POC,HEMOGLOBIN (MIXED VENOUS),HEMOGLOBIN (MIXED VENOUS),hemoglobin,CBC
VENOUS BLOOD GAS - PICU/POC,HEMOGLOBIN (VENOUS),HEMOGLOBIN (VENOUS),hemoglobin,CBC
VENOUS BLOOD GAS,UCM_LAB HEMOGLOBIN,UCM_LAB HEMOGLOBIN,hemoglobin,CBC
HEMOGLOBIN/SATURATION,UCM_LAB HEMOGLOBIN,UCM_LAB HEMOGLOBIN,hemoglobin,CBC
VENOUS METABOLIC/ELECTROLYTE W/ LACTATE,UCM_LAB HEMOGLOBIN,UCM_LAB HEMOGLOBIN,hemoglobin,CBC
COMPLETE BLOOD COUNT,UCM_LAB HEMOGLOBIN - AUTOMATED,UCM_LAB HEMOGLOBIN - AUTOMATED,hemoglobin,CBC
CBC WITH AUTO DIFFERENTIAL,UCM_LAB HEMOGLOBIN - AUTOMATED,UCM_LAB HEMOGLOBIN - AUTOMATED,hemoglobin,CBC
HGB & HCT,UCM_LAB HEMOGLOBIN - AUTOMATED,UCM_LAB HEMOGLOBIN - AUTOMATED,hemoglobin,CBC
CBC W/ DIFF & PLATELETS,UCM_LAB HEMOGLOBIN - AUTOMATED,UCM_LAB HEMOGLOBIN - AUTOMATED,hemoglobin,CBC
HEMOGLOBIN,UCM_LAB HEMOGLOBIN - AUTOMATED,UCM_LAB HEMOGLOBIN - AUTOMATED,hemoglobin,CBC
ARTERIAL BLOOD GAS,UCM_LAB HEMOGLOBIN ARTERIAL,UCM_LAB HEMOGLOBIN ARTERIAL,hemoglobin,CBC
ARTERIAL METABOLIC/ELECTROLYTE W/ LACTATE,UCM_LAB HEMOGLOBIN ARTERIAL,UCM_LAB HEMOGLOBIN ARTERIAL,hemoglobin,CBC
INORGANIC PHOSPHATE,INORGANIC PHOSPHATE,INORGANIC PHOSPHATE,inorganic_phosphate,BMP
RENAL FUNCTION PANEL,INORGANIC PHOSPHATE,INORGANIC PHOSPHATE,inorganic_phosphate,BMP
INORGANIC PHOSPHATE,INORGANIC PHOSPHATE MANUAL ENTRY EXTERNAL,INORGANIC PHOSPHATE MANUAL ENTRY EXTERNAL,inorganic_phosphate,BMP
INORGANIC PHOSPHATE,UCM_LAB INORGANIC PHOSPHATE,UCM_LAB INORGANIC PHOSPHATE,inorganic_phosphate,BMP
RENAL FUNCTION PANEL,UCM_LAB INORGANIC PHOSPHATE,UCM_LAB INORGANIC PHOSPHATE,inorganic_phosphate,BMP
PROTHROMBIN TIME/INR (PTI),INR,INR,inr,Coags
DIC PANEL,INR,INR,inr,Coags
"PT, HEPARIN REMOVED (LAB USE ONLY)",INR,INR,inr,Coags
PROTHROMBIN TIME/INR (PTI),UCM_LAB INR,UCM_LAB INR,inr,Coags
DIC SCREEN,UCM_LAB INR,UCM_LAB INR,inr,Coags
DIC PANEL,UCM_LAB INR,UCM_LAB INR,inr,Coags
LACTIC ACID,LACTIC ACID,LACTIC ACID,lactic_acid,Lactic_acid
POINT OF CARE VENOUS BLOOD GAS,LACTIC ACID,LACTIC ACID,lactic_acid,Lactic_acid
LACTIC ACID,UCM_LAB LACTIC ACID,UCM_LAB LACTIC ACID,lactic_acid,Lactic_acid
"LACTIC DEHYDROGENASE ISOENZYMES, SERUM",LACTATE DEHYDROGENASE (LD),LACTATE DEHYDROGENASE (LD),ldh,MISC
LACTIC DEHYDROGENASE,LACTIC DEHYDROGENASE,LACTIC DEHYDROGENASE,ldh,MISC
LACTIC DEHYDROGENASE,UCM_LAB LACTIC DEHYDROGENASE,UCM_LAB LACTIC DEHYDROGENASE,ldh,MISC
DIFFERENTIAL,LYMPHOCYTES,LYMPHOCYTES,lymphocyte,CBC
CBC W/ DIFF & PLATELETS,LYMPHOCYTES,LYMPHOCYTES,lymphocyte,CBC
DIFFERENTIAL WITH SOURCE,LYMPHOCYTES,LYMPHOCYTES,lymphocyte,CBC
CBC W/DIFF,LYMPHOCYTES,LYMPHOCYTES,lymphocyte,CBC
MANUAL DIFFERENTIAL(NON WAM),UCM_LAB ABSOLUTE LYMPHOCYTES,UCM_LAB ABSOLUTE LYMPHOCYTES,lymphocyte,CBC
CBC WITH AUTO DIFFERENTIAL,UCM_LAB ABSOLUTE LYMPHOCYTES - AUTOMATED,UCM_LAB ABSOLUTE LYMPHOCYTES - AUTOMATED,lymphocyte,CBC
DIFFERENTIAL,UCM_LAB ABSOLUTE LYMPHOCYTES - AUTOMATED,UCM_LAB ABSOLUTE LYMPHOCYTES - AUTOMATED,lymphocyte,CBC
CBC W/ DIFF & PLATELETS,UCM_LAB ABSOLUTE LYMPHOCYTES - AUTOMATED,UCM_LAB ABSOLUTE LYMPHOCYTES - AUTOMATED,lymphocyte,CBC
MAGNESIUM,MAGNESIUM,MAGNESIUM,magnesium,BMP
MAGNESIUM,UCM_LAB MAGNESIUM,UCM_LAB MAGNESIUM,magnesium,BMP
DIFFERENTIAL,MONOCYTES,MONOCYTES,monocyte,CBC
CBC W/ DIFF & PLATELETS,MONOCYTES,MONOCYTES,monocyte,CBC
DIFFERENTIAL WITH SOURCE,MONOCYTES,MONOCYTES,monocyte,CBC
CBC W/DIFF,MONOCYTES,MONOCYTES,monocyte,CBC
DIFFERENTIAL,NEUTROPHILS,NEUTROPHILS,neutrophil,CBC
CBC W/ DIFF & PLATELETS,NEUTROPHILS,NEUTROPHILS,neutrophil,CBC
DIFFERENTIAL WITH SOURCE,NEUTROPHILS,NEUTROPHILS,neutrophil,CBC
CBC W/DIFF,NEUTROPHILS,NEUTROPHILS,neutrophil,CBC
MANUAL DIFFERENTIAL(NON WAM),UCM_LAB ABSOLUTE NEUTROPHILS,UCM_LAB ABSOLUTE NEUTROPHILS,neutrophil,CBC
CBC WITH AUTO DIFFERENTIAL,UCM_LAB ABSOLUTE NEUTROPHILS - AUTOMATED,UCM_LAB ABSOLUTE NEUTROPHILS - AUTOMATED,neutrophil,CBC
DIFFERENTIAL,UCM_LAB ABSOLUTE NEUTROPHILS - AUTOMATED,UCM_LAB ABSOLUTE NEUTROPHILS - AUTOMATED,neutrophil,CBC
CBC W/ DIFF & PLATELETS,UCM_LAB ABSOLUTE NEUTROPHILS - AUTOMATED,UCM_LAB ABSOLUTE NEUTROPHILS - AUTOMATED,neutrophil,CBC
ARTERIAL BLOOD GAS,PACO2,PACO2,paco2,ABG
ARTERIAL BLOOD GAS (PEDS),PACO2,PACO2,paco2,ABG
"BLOOD GAS, ARTERIAL",PCO2,PCO2,paco2,ABG
ARTERIAL BLOOD GAS - PICU/POC,PCO2,PCO2,paco2,ABG
ARTERIAL BLOOD GAS,PCO2 (ARTERIAL),PCO2 (ARTERIAL),paco2,ABG
POC PEDIATRIC BLOOD GAS(ARTERIAL),PCO2 (ARTERIAL),PCO2 (ARTERIAL),paco2,ABG
ARTERIAL BLOOD GAS (PEDS),PCO2 (PEDS ARTERIAL),PCO2 (PEDS ARTERIAL),paco2,ABG
ARTERIAL BLOOD GAS,UCM_LAB PCO2 (TEMP CORR ART),UCM_LAB PCO2 (TEMP CORR ART),paco2,ABG
ARTERIAL BLOOD GAS,UCM_LAB PCO2 ARTERIAL,UCM_LAB PCO2 ARTERIAL,paco2,ABG
ARTERIAL BLOOD GAS - PICU/POC,UCM_LAB POC PCO2 (ART),UCM_LAB POC PCO2 (ART),paco2,ABG
POC PEDIATRIC BLOOD GAS(ARTERIAL),UCM_LAB POC PCO2 (ARTERIAL),UCM_LAB POC PCO2 (ARTERIAL),paco2,ABG
"BLOOD GAS, ARTERIAL",UCM_LAB POC PCO2(ARTERIAL),UCM_LAB POC PCO2(ARTERIAL),paco2,ABG
ARTERIAL BLOOD GAS,PAO2,PAO2,pao2,ABG
ARTERIAL BLOOD GAS (PEDS),PAO2,PAO2,pao2,ABG
"BLOOD GAS, ARTERIAL",PO2,PO2,pao2,ABG
ARTERIAL BLOOD GAS,PO2 (ARTERIAL),PO2 (ARTERIAL),pao2,ABG
POC COOX PANEL(ARTERIAL),PO2 (ARTERIAL),PO2 (ARTERIAL),pao2,ABG
POC PEDIATRIC BLOOD GAS(ARTERIAL),PO2 (ARTERIAL),PO2 (ARTERIAL),pao2,ABG
ARTERIAL BLOOD GAS,UCM_LAB PO2 (TEMP CORR ART),UCM_LAB PO2 (TEMP CORR ART),pao2,ABG
ARTERIAL BLOOD GAS,UCM_LAB PO2 ARTERIAL,UCM_LAB PO2 ARTERIAL,pao2,ABG
ARTERIAL BLOOD GAS - PICU/POC,UCM_LAB POC PO2 (ART),UCM_LAB POC PO2 (ART),pao2,ABG
ARTERIAL BLOOD GAS (PEDS),PO2 (PEDS ARTERIAL),PO2 (PEDS ARTERIAL),pao2,ABG
MIXED VENOUS BLOOD GAS,PCO2 (MIXED VENOUS),PCO2 (MIXED VENOUS),pco2_venous,VBG
MIXED VENOUS BLOOD GAS - PICU/POC,PCO2 (MIXED VENOUS),PCO2 (MIXED VENOUS),pco2_venous,VBG
POC PEDIATRIC BLOOD GAS(MIXED VENOUS),PCO2 (MIXED VENOUS),PCO2 (MIXED VENOUS),pco2_venous,VBG
VENOUS BLOOD GAS,PCO2 (VENOUS),PCO2 (VENOUS),pco2_venous,VBG
VENOUS BLOOD GAS - PICU/POC,PCO2 (VENOUS),PCO2 (VENOUS),pco2_venous,VBG
POC PEDIATRIC BLOOD GAS(VENOUS),PCO2 (VENOUS),PCO2 (VENOUS),pco2_venous,VBG
MIXED VENOUS BLOOD GAS,UCM_LAB PCO2 (TEMP CORR MIXED VENOUS),UCM_LAB PCO2 (TEMP CORR MIXED VENOUS),pco2_venous,VBG
VENOUS BLOOD GAS,UCM_LAB PCO2 (TEMP CORR VENOUS),UCM_LAB PCO2 (TEMP CORR VENOUS),pco2_venous,VBG
MIXED VENOUS BLOOD GAS,UCM_LAB PCO2 MIXED VENOUS,UCM_LAB PCO2 MIXED VENOUS,pco2_venous,VBG
VENOUS BLOOD GAS,UCM_LAB PCO2 VENOUS,UCM_LAB PCO2 VENOUS,pco2_venous,VBG
MIXED VENOUS BLOOD GAS - PICU/POC,UCM_LAB POC PCO2 (MIX VEN),UCM_LAB POC PCO2 (MIX VEN),pco2_venous,VBG
POC PEDIATRIC BLOOD GAS(MIXED VENOUS),UCM_LAB POC PCO2 (MIXED VENOUS),UCM_LAB POC PCO2 (MIXED VENOUS),pco2_venous,VBG
VENOUS BLOOD GAS - PICU/POC,UCM_LAB POC PCO2 (VENOUS),UCM_LAB POC PCO2 (VENOUS),pco2_venous,VBG
POC PEDIATRIC BLOOD GAS(VENOUS),UCM_LAB POC PCO2 (VENOUS),UCM_LAB POC PCO2 (VENOUS),pco2_venous,VBG
"BLOOD GAS, MIXED VENOUS",UCM_LAB POC PCO2(MIXED VENOUS),UCM_LAB POC PCO2(MIXED VENOUS),pco2_venous,VBG
ARTERIAL BLOOD GAS,PH,PH,ph_arterial,ABG
"BLOOD GAS, ARTERIAL",PH,PH,ph_arterial,ABG
ARTERIAL BLOOD GAS (PEDS),PH,PH,ph_arterial,ABG
ARTERIAL BLOOD GAS,PH (ARTERIAL),PH (ARTERIAL),ph_arterial,ABG
ARTERIAL BLOOD GAS - PICU/POC,PH (ARTERIAL),PH (ARTERIAL),ph_arterial,ABG
POC PEDIATRIC BLOOD GAS(ARTERIAL),PH (ARTERIAL),PH (ARTERIAL),ph_arterial,ABG
POC ECMO COOX PANEL(ARTERIAL),PH (ARTERIAL),PH (ARTERIAL),ph_arterial,ABG
ARTERIAL BLOOD GAS,UCM_LAB PH (TEMP CORR ART),UCM_LAB PH (TEMP CORR ART),ph_arterial,ABG
ARTERIAL BLOOD GAS,UCM_LAB PH ARTERIAL,UCM_LAB PH ARTERIAL,ph_arterial,ABG
ARTERIAL BLOOD GAS - PICU/POC,UCM_LAB POC PH (ART),UCM_LAB POC PH (ART),ph_arterial,ABG
POC ECMO COOX PANEL(ARTERIAL),UCM_LAB POC PH (ARTERIAL),UCM_LAB POC PH (ARTERIAL),ph_arterial,ABG
POC PEDIATRIC BLOOD GAS(ARTERIAL),UCM_LAB POC PH (ARTERIAL),UCM_LAB POC PH (ARTERIAL),ph_arterial,ABG
"BLOOD GAS, ARTERIAL",UCM_LAB POC PH(ARTERIAL),UCM_LAB POC PH(ARTERIAL),ph_arterial,ABG
VENOUS BLOOD GAS,PH,PH,ph_venous,VBG
MIXED VENOUS BLOOD GAS,PH,PH,ph_venous,VBG
"BLOOD GAS, MIXED VENOUS",PH,PH,ph_venous,VBG
MIXED VENOUS BLOOD GAS,PH (MIXED VENOUS),PH (MIXED VENOUS),ph_venous,VBG
MIXED VENOUS BLOOD GAS - PICU/POC,PH (MIXED VENOUS),PH (MIXED VENOUS),ph_venous,VBG
POC PEDIATRIC BLOOD GAS(MIXED VENOUS),PH (MIXED VENOUS),PH (MIXED VENOUS),ph_venous,VBG
POC PEDIATRIC BLOOD GAS(VENOUS),PH (VENOUS),PH (VENOUS),ph_venous,VBG
"BLOOD GAS, VENOUS","PH, VENOUS","PH, VENOUS",ph_venous,VBG
MIXED VENOUS BLOOD GAS,UCM_LAB PH (TEMP CORR MIXED VENOUS),UCM_LAB PH (TEMP CORR MIXED VENOUS),ph_venous,VBG
VENOUS BLOOD GAS,UCM_LAB PH (TEMP CORR VENOUS),UCM_LAB PH (TEMP CORR VENOUS),ph_venous,VBG
VENOUS CORD BLOOD GAS (PEDS),UCM_LAB PH (TEMP CORR VENOUS),UCM_LAB PH (TEMP CORR VENOUS),ph_venous,VBG
MIXED VENOUS BLOOD GAS,UCM_LAB PH MIXED VENOUS,UCM_LAB PH MIXED VENOUS,ph_venous,VBG
VENOUS BLOOD GAS,UCM_LAB PH VENOUS,UCM_LAB PH VENOUS,ph_venous,VBG
"BLOOD GAS, MIXED VENOUS",UCM_LAB POC PH,UCM_LAB POC PH,ph_venous,VBG
MIXED VENOUS BLOOD GAS - PICU/POC,UCM_LAB POC PH (MIX VEN),UCM_LAB POC PH (MIX VEN),ph_venous,VBG
POC PEDIATRIC BLOOD GAS(MIXED VENOUS),UCM_LAB POC PH (MIXED VENOUS),UCM_LAB POC PH (MIXED VENOUS),ph_venous,VBG
VENOUS BLOOD GAS - PICU/POC,UCM_LAB POC PH (VENOUS),UCM_LAB POC PH (VENOUS),ph_venous,VBG
POC PEDIATRIC BLOOD GAS(VENOUS),UCM_LAB POC PH (VENOUS),UCM_LAB POC PH (VENOUS),ph_venous,VBG
"BLOOD GAS, VENOUS",UCM_LAB POC PH(VENOUS),UCM_LAB POC PH(VENOUS),ph_venous,VBG
COMPLETE BLOOD COUNT,PLATELET COUNT,PLATELET COUNT,platelet_count,CBC
CBC W/ DIFF & PLATELETS,PLATELET COUNT,PLATELET COUNT,platelet_count,CBC
DIC PANEL,PLATELET COUNT,PLATELET COUNT,platelet_count,CBC
PLATELET COUNT,PLATELET COUNT,PLATELET COUNT,platelet_count,CBC
HEMORRHAGE LAB PANEL,PLATELET COUNT,PLATELET COUNT,platelet_count,CBC
CBC W/DIFF,PLATELET COUNT,PLATELET COUNT,platelet_count,CBC
CBC W/ PLATELETS,PLATELET COUNT,PLATELET COUNT,platelet_count,CBC
COMPLETE BLOOD COUNT,PLATELET COUNT MANUAL ENTRY EXTERNAL,PLATELET COUNT MANUAL ENTRY EXTERNAL,platelet_count,CBC
DIFFERENTIAL,PLATELET ESTIMATION,PLATELET ESTIMATION,platelet_count,CBC
CBC W/ DIFF & PLATELETS,PLATELET ESTIMATION,PLATELET ESTIMATION,platelet_count,CBC
DIFFERENTIAL WITH SOURCE,PLATELET ESTIMATION,PLATELET ESTIMATION,platelet_count,CBC
CBC W/DIFF,PLATELET ESTIMATION,PLATELET ESTIMATION,platelet_count,CBC
COMPLETE BLOOD COUNT,UCM_LAB PLATELET COUNT - AUTOMATED,UCM_LAB PLATELET COUNT - AUTOMATED,platelet_count,CBC
CBC WITH AUTO DIFFERENTIAL,UCM_LAB PLATELET COUNT - AUTOMATED,UCM_LAB PLATELET COUNT - AUTOMATED,platelet_count,CBC
PLATELET COUNT,UCM_LAB PLATELET COUNT - AUTOMATED,UCM_LAB PLATELET COUNT - AUTOMATED,platelet_count,CBC
DIC PANEL,UCM_LAB PLATELET COUNT - AUTOMATED,UCM_LAB PLATELET COUNT - AUTOMATED,platelet_count,CBC
CBC W/ DIFF & PLATELETS,UCM_LAB PLATELET COUNT - AUTOMATED,UCM_LAB PLATELET COUNT - AUTOMATED,platelet_count,CBC
MANUAL DIFFERENTIAL - SYSMEX WAM,UCM_LAB PLATELET ESTIMATION - MANUAL,UCM_LAB PLATELET ESTIMATION - MANUAL,platelet_count,CBC
MORPHOLOGY SMEAR REVIEW,UCM_LAB PLATELET ESTIMATION - MANUAL,UCM_LAB PLATELET ESTIMATION - MANUAL,platelet_count,CBC
MANUAL DIFFERENTIAL(NON WAM),UCM_LAB PLATELET ESTIMATION - MANUAL,UCM_LAB PLATELET ESTIMATION - MANUAL,platelet_count,CBC
COMPREHENSIVE METABOLIC PANEL,POTASSIUM,POTASSIUM,potassium,BMP
BASIC METABOLIC PANEL,POTASSIUM,POTASSIUM,potassium,BMP
POTASSIUM,POTASSIUM,POTASSIUM,potassium,BMP
COMPREHENSIVE METABOLIC PANEL,POTASSIUM SER/PLASMA MANUAL ENTRY EXTERNAL,POTASSIUM SER/PLASMA MANUAL ENTRY EXTERNAL,potassium,BMP
FLUID POTASSIUM,"POTASSIUM, FLUID","POTASSIUM, FLUID",potassium,BMP
CLL CMP (FOR CLL PATIENTS ONLY),"POTASSIUM, SERUM","POTASSIUM, SERUM",potassium,BMP
CLL BMP (FOR CLL PATIENTS ONLY),"POTASSIUM, SERUM","POTASSIUM, SERUM",potassium,BMP
BASIC METABOLIC PANEL,"POTASSIUM, SERUM/PLASMA","POTASSIUM, SERUM/PLASMA",potassium,BMP
COMPREHENSIVE METABOLIC PANEL,"POTASSIUM, SERUM/PLASMA","POTASSIUM, SERUM/PLASMA",potassium,BMP
ER PANEL I,"POTASSIUM, SERUM/PLASMA","POTASSIUM, SERUM/PLASMA",potassium,BMP
RENAL FUNCTION PANEL,"POTASSIUM, SERUM/PLASMA","POTASSIUM, SERUM/PLASMA",potassium,BMP
POTASSIUM,"POTASSIUM, SERUM/PLASMA","POTASSIUM, SERUM/PLASMA",potassium,BMP
ARTERIAL METABOLIC/ELECTROLYTE W/ LACTATE,"POTASSIUM,WHOLE BLD.","POTASSIUM,WHOLE BLD.",potassium,BMP
"POTASSIUM, WHOLE BLOOD","POTASSIUM,WHOLE BLD.","POTASSIUM,WHOLE BLD.",potassium,BMP
POC PEDIATRIC BLOOD GAS(ARTERIAL),"POTASSIUM,WHOLE BLD.","POTASSIUM,WHOLE BLD.",potassium,BMP
POC PEDIATRIC BLOOD GAS(VENOUS),"POTASSIUM,WHOLE BLD.","POTASSIUM,WHOLE BLD.",potassium,BMP
POC PEDIATRIC BLOOD GAS(MIXED VENOUS),"POTASSIUM,WHOLE BLD.","POTASSIUM,WHOLE BLD.",potassium,BMP
BASIC METABOLIC PANEL,UCM_LAB K+,UCM_LAB K+,potassium,BMP
COMPREHENSIVE METABOLIC PANEL,UCM_LAB K+,UCM_LAB K+,potassium,BMP
ER PANEL I,UCM_LAB K+,UCM_LAB K+,potassium,BMP
RENAL FUNCTION PANEL,UCM_LAB K+,UCM_LAB K+,potassium,BMP
POTASSIUM,UCM_LAB K+,UCM_LAB K+,potassium,BMP
CLL CMP (FOR CLL PATIENTS ONLY),UCM_LAB K+,UCM_LAB K+,potassium,BMP
CLL BMP (FOR CLL PATIENTS ONLY),UCM_LAB K+,UCM_LAB K+,potassium,BMP
ELECTROLYTES,UCM_LAB K+,UCM_LAB K+,potassium,BMP
ARTERIAL METABOLIC/ELECTROLYTE W/ LACTATE,"UCM_LAB K+, WHOLE BLOOD","UCM_LAB K+, WHOLE BLOOD",potassium,BMP
CAPILLARY METABOLIC/ELECTROLYTE W/ LACTATE,"UCM_LAB K+, WHOLE BLOOD","UCM_LAB K+, WHOLE BLOOD",potassium,BMP
"POTASSIUM, WHOLE BLOOD","UCM_LAB K+, WHOLE BLOOD","UCM_LAB K+, WHOLE BLOOD",potassium,BMP
VENOUS METABOLIC/ELECTROLYTE W/ LACTATE,"UCM_LAB K+, WHOLE BLOOD","UCM_LAB K+, WHOLE BLOOD",potassium,BMP
ARTERIAL ELECTROLYTES,"UCM_LAB K+, WHOLE BLOOD","UCM_LAB K+, WHOLE BLOOD",potassium,BMP
PROCALCITONIN,UCM_LAB PROCALCITONIN,UCM_LAB PROCALCITONIN,procalcitonin,MISC
PROTHROMBIN TIME/INR (PTI),PT,PT,pt,Coags
DIC PANEL,PT,PT,pt,Coags
PROTHROMBIN TIME/INR (PTI),UCM_LAB PT,UCM_LAB PT,pt,Coags
DIC SCREEN,UCM_LAB PT,UCM_LAB PT,pt,Coags
DIC PANEL,UCM_LAB PT,UCM_LAB PT,pt,Coags
PARTIAL THROMBOPLASTIN TIME (PTT),PTT PATIENT RESULT,PTT PATIENT RESULT,ptt,Coags
"PTT, HEPARIN REMOVED","PTT, HEPARIN REMOVED","PTT, HEPARIN REMOVED",ptt,Coags
PARTIAL THROMBOPLASTIN TIME (PTT),UCM_LAB PTT PATIENT RESULT,UCM_LAB PTT PATIENT RESULT,ptt,Coags
"BLOOD GAS, ARTERIAL",S02,S02,sao2,ABG
ARTERIAL BLOOD GAS,SAO2,SAO2,sao2,ABG
ARTERIAL BLOOD GAS (PEDS),SAO2,SAO2,sao2,ABG
POC COOX PANEL(ARTERIAL),SAO2,SAO2,sao2,ABG
POC PEDIATRIC BLOOD GAS(ARTERIAL),SAO2,SAO2,sao2,ABG
POC ECMO COOX PANEL(ARTERIAL),SAO2,SAO2,sao2,ABG
ARTERIAL BLOOD GAS - PICU/POC,SO2,SO2,sao2,ABG
POC PEDIATRIC BLOOD GAS(ARTERIAL),SO2 CALCULATED,SO2 CALCULATED,sao2,ABG
ARTERIAL BLOOD GAS,SO2 CALCULATED,SO2 CALCULATED,sao2,ABG
POC COOX PANEL(ARTERIAL),UCM_LAB POC SAO2(ARTERIAL),UCM_LAB POC SAO2(ARTERIAL),sao2,ABG
POC ECMO COOX PANEL(ARTERIAL),UCM_LAB POC SAO2(ARTERIAL),UCM_LAB POC SAO2(ARTERIAL),sao2,ABG
POC PEDIATRIC BLOOD GAS(ARTERIAL),UCM_LAB POC SAO2(ARTERIAL),UCM_LAB POC SAO2(ARTERIAL),sao2,ABG
ARTERIAL BLOOD GAS,UCM_LAB SAO2,UCM_LAB SAO2,sao2,ABG
"BLOOD GAS, MIXED VENOUS",SO2,SO2,so2_mixed_venous,VBG
MIXED VENOUS BLOOD GAS - PICU/POC,SO2 (MIXED VENOUS),SO2 (MIXED VENOUS),so2_mixed_venous,VBG
POC PEDIATRIC BLOOD GAS(MIXED VENOUS),SO2 CALCULATED,SO2 CALCULATED,so2_mixed_venous,VBG
BASIC METABOLIC PANEL,SODIUM,SODIUM,sodium,BMP
COMPREHENSIVE METABOLIC PANEL,SODIUM,SODIUM,sodium,BMP
ER PANEL I,SODIUM,SODIUM,sodium,BMP
RENAL FUNCTION PANEL,SODIUM,SODIUM,sodium,BMP
CLL CMP (FOR CLL PATIENTS ONLY),SODIUM,SODIUM,sodium,BMP
SODIUM,SODIUM,SODIUM,sodium,BMP
CLL BMP (FOR CLL PATIENTS ONLY),SODIUM,SODIUM,sodium,BMP
COMPREHENSIVE METABOLIC PANEL,TOTAL PROTEIN,TOTAL PROTEIN,total_protein,LFT
HEPATIC FUNCTION PANEL,TOTAL PROTEIN,TOTAL PROTEIN,total_protein,LFT
ER PANEL II,TOTAL PROTEIN,TOTAL PROTEIN,total_protein,LFT
PROTEIN ELECTROPHORESIS W/ REFLEX TO IMMUNOFIXATION,TOTAL PROTEIN,TOTAL PROTEIN,total_protein,LFT
PEDIATRIC ER PANEL II,TOTAL PROTEIN,TOTAL PROTEIN,total_protein,LFT
CLL CMP (FOR CLL PATIENTS ONLY),TOTAL PROTEIN,TOTAL PROTEIN,total_protein,LFT
TOTAL PROTEIN,TOTAL PROTEIN,TOTAL PROTEIN,total_protein,LFT
PEDIATRIC LIVER PANEL,TOTAL PROTEIN,TOTAL PROTEIN,total_protein,LFT
COMPREHENSIVE METABOLIC PANEL,UCM_LAB TOTAL PROTEIN,UCM_LAB TOTAL PROTEIN,total_protein,LFT
HEPATIC FUNCTION PANEL,UCM_LAB TOTAL PROTEIN,UCM_LAB TOTAL PROTEIN,total_protein,LFT
ER PANEL II,UCM_LAB TOTAL PROTEIN,UCM_LAB TOTAL PROTEIN,total_protein,LFT
PEDIATRIC ER PANEL II,UCM_LAB TOTAL PROTEIN,UCM_LAB TOTAL PROTEIN,total_protein,LFT
CLL CMP (FOR CLL PATIENTS ONLY),UCM_LAB TOTAL PROTEIN,UCM_LAB TOTAL PROTEIN,total_protein,LFT
TOTAL PROTEIN,UCM_LAB TOTAL PROTEIN,UCM_LAB TOTAL PROTEIN,total_protein,LFT
PEDIATRIC LIVER PANEL,UCM_LAB TOTAL PROTEIN,UCM_LAB TOTAL PROTEIN,total_protein,LFT
PROTEIN ELECTROPHORESIS,UCM_LAB TOTAL PROTEIN,UCM_LAB TOTAL PROTEIN,total_protein,LFT
HIGH SENSITIVITY TROPONIN T,HIGH SENSITIVITY TROPONIN T,HIGH SENSITIVITY TROPONIN T,troponin,MISC
ER CARDIAC PANEL,HIGH SENSITIVITY TROPONIN T,HIGH SENSITIVITY TROPONIN T,troponin,MISC
HIGH SENSITIVITY TROPONIN T,UCM_LAB HIGH SENSITIVITY TROPONIN T,UCM_LAB HIGH SENSITIVITY TROPONIN T,troponin,MISC
CARDIAC MARKER #1,UCM_LAB HIGH SENSITIVITY TROPONIN T,UCM_LAB HIGH SENSITIVITY TROPONIN T,troponin,MISC
CARDIAC MARKER #2,UCM_LAB HIGH SENSITIVITY TROPONIN T,UCM_LAB HIGH SENSITIVITY TROPONIN T,troponin,MISC
ER CARDIAC PANEL,UCM_LAB HIGH SENSITIVITY TROPONIN T,UCM_LAB HIGH SENSITIVITY TROPONIN T,troponin,MISC
COMPLETE BLOOD COUNT,WBC,WBC,wbc,CBC
CBC W/ DIFF & PLATELETS,WBC,WBC,wbc,CBC
CBC W/DIFF,WBC,WBC,wbc,CBC
WBC,WBC,WBC,wbc,CBC
CBC W/ PLATELETS,WBC,WBC,wbc,CBC
ALPHA BETA DEPLETION/GAMMA DELTA ENRICHMENT FLOW CYTOMETRY,WBC,WBC,wbc,CBC